timestamp,mode,rows,cols,steps,seed,run_index,is_warmup,threads,procs,kernel,gpu,time_s,time_per_step_ms,alive_end
"2026-03-16T16:00:04","sequential","512","512","500","42","1","1","0","0","","","0.513568","1.02714","13431"
"2026-03-16T16:00:05","openmp","512","512","500","42","1","1","1","0","","","0.975345","1.95069","13431"
"2026-03-16T16:00:05","openmp","512","512","500","42","1","1","2","0","","","0.500876","1.00175","13431"
"2026-03-16T16:00:05","openmp","512","512","500","42","1","1","4","0","","","0.267693","0.535386","13431"
"2026-03-16T16:00:06","openmp","512","512","500","42","1","1","8","0","","","0.184949","0.369898","13431"
"2026-03-16T16:00:06","openmp","512","512","500","42","1","1","16","0","","","0.135815","0.271629","13431"
"2026-03-16T16:00:07","mpi","512","512","500","42","1","1","0","1","","","0.695349","1.3907","13431"
"2026-03-16T16:00:07","mpi","512","512","500","42","1","1","0","2","","","0.347979","0.695958","13431"
"2026-03-16T16:00:07","mpi","512","512","500","42","1","1","0","4","","","0.185609","0.371219","13431"
"2026-03-16T16:00:07","mpi","512","512","500","42","1","1","0","8","","","0.132322","0.264644","13431"
"2026-03-16T16:00:08","mixed","512","512","500","42","1","1","4","2","","","0.279425","0.55885","13431"
"2026-03-16T16:00:08","mixed","512","512","500","42","1","1","4","4","","","0.191058","0.382115","13431"
"2026-03-16T16:00:08","cuda_basic","512","512","500","42","1","1","0","0","basic","NVIDIA GeForce RTX 4070","0.0138193","0.0276386","13431"
"2026-03-16T16:00:08","cuda_shared","512","512","500","42","1","1","0","0","shared","NVIDIA GeForce RTX 4070","0.0059619","0.0119238","13431"
"2026-03-16T16:00:09","sequential","512","512","500","42","2","0","0","0","","","0.519111","1.03822","13431"
"2026-03-16T16:00:10","openmp","512","512","500","42","2","0","1","0","","","0.984903","1.96981","13431"
"2026-03-16T16:00:10","openmp","512","512","500","42","2","0","2","0","","","0.494045","0.98809","13431"
"2026-03-16T16:00:11","openmp","512","512","500","42","2","0","4","0","","","0.255992","0.511983","13431"
"2026-03-16T16:00:11","openmp","512","512","500","42","2","0","8","0","","","0.20655","0.4131","13431"
"2026-03-16T16:00:11","openmp","512","512","500","42","2","0","16","0","","","0.153203","0.306405","13431"
"2026-03-16T16:00:12","mpi","512","512","500","42","2","0","0","1","","","0.711661","1.42332","13431"
"2026-03-16T16:00:12","mpi","512","512","500","42","2","0","0","2","","","0.355666","0.711331","13431"
"2026-03-16T16:00:12","mpi","512","512","500","42","2","0","0","4","","","0.184497","0.368994","13431"
"2026-03-16T16:00:13","mpi","512","512","500","42","2","0","0","8","","","0.140547","0.281094","13431"
"2026-03-16T16:00:13","mixed","512","512","500","42","2","0","4","2","","","0.321071","0.642142","13431"
"2026-03-16T16:00:13","mixed","512","512","500","42","2","0","4","4","","","0.184999","0.369999","13431"
"2026-03-16T16:00:13","cuda_basic","512","512","500","42","2","0","0","0","basic","NVIDIA GeForce RTX 4070","0.0053011","0.0106022","13431"
"2026-03-16T16:00:14","cuda_shared","512","512","500","42","2","0","0","0","shared","NVIDIA GeForce RTX 4070","0.0055567","0.0111134","13431"
"2026-03-16T16:00:14","sequential","512","512","500","42","3","0","0","0","","","0.51818","1.03636","13431"
"2026-03-16T16:00:15","openmp","512","512","500","42","3","0","1","0","","","0.973576","1.94715","13431"
"2026-03-16T16:00:16","openmp","512","512","500","42","3","0","2","0","","","0.491526","0.983052","13431"
"2026-03-16T16:00:16","openmp","512","512","500","42","3","0","4","0","","","0.261761","0.523521","13431"
"2026-03-16T16:00:16","openmp","512","512","500","42","3","0","8","0","","","0.16408","0.32816","13431"
"2026-03-16T16:00:16","openmp","512","512","500","42","3","0","16","0","","","0.142766","0.285532","13431"
"2026-03-16T16:00:17","mpi","512","512","500","42","3","0","0","1","","","0.703633","1.40727","13431"
"2026-03-16T16:00:17","mpi","512","512","500","42","3","0","0","2","","","0.348484","0.696968","13431"
"2026-03-16T16:00:18","mpi","512","512","500","42","3","0","0","4","","","0.181688","0.363377","13431"
"2026-03-16T16:00:18","mpi","512","512","500","42","3","0","0","8","","","0.14838","0.296761","13431"
"2026-03-16T16:00:18","mixed","512","512","500","42","3","0","4","2","","","0.279008","0.558015","13431"
"2026-03-16T16:00:18","mixed","512","512","500","42","3","0","4","4","","","0.184484","0.368968","13431"
"2026-03-16T16:00:19","cuda_basic","512","512","500","42","3","0","0","0","basic","NVIDIA GeForce RTX 4070","0.0051388","0.0102776","13431"
"2026-03-16T16:00:19","cuda_shared","512","512","500","42","3","0","0","0","shared","NVIDIA GeForce RTX 4070","0.0056375","0.011275","13431"
"2026-03-16T16:00:19","sequential","512","512","500","42","4","0","0","0","","","0.519331","1.03866","13431"
"2026-03-16T16:00:20","openmp","512","512","500","42","4","0","1","0","","","0.973659","1.94732","13431"
"2026-03-16T16:00:21","openmp","512","512","500","42","4","0","2","0","","","0.491295","0.982591","13431"
"2026-03-16T16:00:21","openmp","512","512","500","42","4","0","4","0","","","0.26448","0.52896","13431"
"2026-03-16T16:00:21","openmp","512","512","500","42","4","0","8","0","","","0.17512","0.350241","13431"
"2026-03-16T16:00:21","openmp","512","512","500","42","4","0","16","0","","","0.13276","0.265521","13431"
"2026-03-16T16:00:22","mpi","512","512","500","42","4","0","0","1","","","0.695723","1.39145","13431"
"2026-03-16T16:00:23","mpi","512","512","500","42","4","0","0","2","","","0.348582","0.697164","13431"
"2026-03-16T16:00:23","mpi","512","512","500","42","4","0","0","4","","","0.225082","0.450164","13431"
"2026-03-16T16:00:23","mpi","512","512","500","42","4","0","0","8","","","0.149336","0.298672","13431"
"2026-03-16T16:00:23","mixed","512","512","500","42","4","0","4","2","","","0.252713","0.505425","13431"
"2026-03-16T16:00:24","mixed","512","512","500","42","4","0","4","4","","","0.183674","0.367348","13431"
"2026-03-16T16:00:24","cuda_basic","512","512","500","42","4","0","0","0","basic","NVIDIA GeForce RTX 4070","0.005195","0.01039","13431"
"2026-03-16T16:00:24","cuda_shared","512","512","500","42","4","0","0","0","shared","NVIDIA GeForce RTX 4070","0.0060372","0.0120744","13431"
"2026-03-16T16:00:24","sequential","512","512","500","123","1","1","0","0","","","0.518483","1.03697","13299"
"2026-03-16T16:00:25","openmp","512","512","500","123","1","1","1","0","","","0.9728","1.9456","13299"
"2026-03-16T16:00:26","openmp","512","512","500","123","1","1","2","0","","","0.49119","0.98238","13299"
"2026-03-16T16:00:26","openmp","512","512","500","123","1","1","4","0","","","0.255451","0.510902","13299"
"2026-03-16T16:00:26","openmp","512","512","500","123","1","1","8","0","","","0.196332","0.392665","13299"
"2026-03-16T16:00:27","openmp","512","512","500","123","1","1","16","0","","","0.137532","0.275065","13299"
"2026-03-16T16:00:27","mpi","512","512","500","123","1","1","0","1","","","0.700163","1.40033","13299"
"2026-03-16T16:00:28","mpi","512","512","500","123","1","1","0","2","","","0.349825","0.69965","13299"
"2026-03-16T16:00:28","mpi","512","512","500","123","1","1","0","4","","","0.206817","0.413634","13299"
"2026-03-16T16:00:28","mpi","512","512","500","123","1","1","0","8","","","0.165817","0.331634","13299"
"2026-03-16T16:00:29","mixed","512","512","500","123","1","1","4","2","","","0.310975","0.621951","13299"
"2026-03-16T16:00:29","mixed","512","512","500","123","1","1","4","4","","","0.182304","0.364608","13299"
"2026-03-16T16:00:29","cuda_basic","512","512","500","123","1","1","0","0","basic","NVIDIA GeForce RTX 4070","0.0051073","0.0102146","13299"
"2026-03-16T16:00:29","cuda_shared","512","512","500","123","1","1","0","0","shared","NVIDIA GeForce RTX 4070","0.0059188","0.0118376","13299"
"2026-03-16T16:00:30","sequential","512","512","500","123","2","0","0","0","","","0.517609","1.03522","13299"
"2026-03-16T16:00:31","openmp","512","512","500","123","2","0","1","0","","","0.97929","1.95858","13299"
"2026-03-16T16:00:31","openmp","512","512","500","123","2","0","2","0","","","0.493493","0.986986","13299"
"2026-03-16T16:00:31","openmp","512","512","500","123","2","0","4","0","","","0.270741","0.541483","13299"
"2026-03-16T16:00:32","openmp","512","512","500","123","2","0","8","0","","","0.186536","0.373073","13299"
"2026-03-16T16:00:32","openmp","512","512","500","123","2","0","16","0","","","0.146648","0.293297","13299"
"2026-03-16T16:00:33","mpi","512","512","500","123","2","0","0","1","","","0.710958","1.42192","13299"
"2026-03-16T16:00:33","mpi","512","512","500","123","2","0","0","2","","","0.351676","0.703351","13299"
"2026-03-16T16:00:33","mpi","512","512","500","123","2","0","0","4","","","0.226644","0.453288","13299"
"2026-03-16T16:00:34","mpi","512","512","500","123","2","0","0","8","","","0.130909","0.261818","13299"
"2026-03-16T16:00:34","mixed","512","512","500","123","2","0","4","2","","","0.293029","0.586057","13299"
"2026-03-16T16:00:34","mixed","512","512","500","123","2","0","4","4","","","0.191674","0.383347","13299"
"2026-03-16T16:00:34","cuda_basic","512","512","500","123","2","0","0","0","basic","NVIDIA GeForce RTX 4070","0.0049066","0.0098132","13299"
"2026-03-16T16:00:34","cuda_shared","512","512","500","123","2","0","0","0","shared","NVIDIA GeForce RTX 4070","0.0059771","0.0119542","13299"
"2026-03-16T16:00:35","sequential","512","512","500","123","3","0","0","0","","","0.518179","1.03636","13299"
"2026-03-16T16:00:36","openmp","512","512","500","123","3","0","1","0","","","0.984244","1.96849","13299"
"2026-03-16T16:00:37","openmp","512","512","500","123","3","0","2","0","","","0.494583","0.989167","13299"
"2026-03-16T16:00:37","openmp","512","512","500","123","3","0","4","0","","","0.265205","0.530411","13299"
"2026-03-16T16:00:37","openmp","512","512","500","123","3","0","8","0","","","0.213702","0.427404","13299"
"2026-03-16T16:00:37","openmp","512","512","500","123","3","0","16","0","","","0.136105","0.272209","13299"
"2026-03-16T16:00:38","mpi","512","512","500","123","3","0","0","1","","","0.69852","1.39704","13299"
"2026-03-16T16:00:38","mpi","512","512","500","123","3","0","0","2","","","0.35059","0.701179","13299"
"2026-03-16T16:00:39","mpi","512","512","500","123","3","0","0","4","","","0.186413","0.372825","13299"
"2026-03-16T16:00:39","mpi","512","512","500","123","3","0","0","8","","","0.144807","0.289614","13299"
"2026-03-16T16:00:39","mixed","512","512","500","123","3","0","4","2","","","0.308107","0.616215","13299"
"2026-03-16T16:00:39","mixed","512","512","500","123","3","0","4","4","","","0.185852","0.371703","13299"
"2026-03-16T16:00:40","cuda_basic","512","512","500","123","3","0","0","0","basic","NVIDIA GeForce RTX 4070","0.0051514","0.0103028","13299"
"2026-03-16T16:00:40","cuda_shared","512","512","500","123","3","0","0","0","shared","NVIDIA GeForce RTX 4070","0.0054895","0.010979","13299"
"2026-03-16T16:00:40","sequential","512","512","500","123","4","0","0","0","","","0.520556","1.04111","13299"
"2026-03-16T16:00:41","openmp","512","512","500","123","4","0","1","0","","","0.977827","1.95565","13299"
"2026-03-16T16:00:42","openmp","512","512","500","123","4","0","2","0","","","0.493201","0.986402","13299"
"2026-03-16T16:00:42","openmp","512","512","500","123","4","0","4","0","","","0.290266","0.580531","13299"
"2026-03-16T16:00:42","openmp","512","512","500","123","4","0","8","0","","","0.208584","0.417169","13299"
"2026-03-16T16:00:42","openmp","512","512","500","123","4","0","16","0","","","0.136155","0.27231","13299"
"2026-03-16T16:00:43","mpi","512","512","500","123","4","0","0","1","","","0.697774","1.39555","13299"
"2026-03-16T16:00:44","mpi","512","512","500","123","4","0","0","2","","","0.348929","0.697858","13299"
"2026-03-16T16:00:44","mpi","512","512","500","123","4","0","0","4","","","0.189392","0.378784","13299"
"2026-03-16T16:00:44","mpi","512","512","500","123","4","0","0","8","","","0.166175","0.332351","13299"
"2026-03-16T16:00:44","mixed","512","512","500","123","4","0","4","2","","","0.264354","0.528708","13299"
"2026-03-16T16:00:45","mixed","512","512","500","123","4","0","4","4","","","0.19506","0.39012","13299"
"2026-03-16T16:00:45","cuda_basic","512","512","500","123","4","0","0","0","basic","NVIDIA GeForce RTX 4070","0.0052668","0.0105336","13299"
"2026-03-16T16:00:45","cuda_shared","512","512","500","123","4","0","0","0","shared","NVIDIA GeForce RTX 4070","0.0056527","0.0113054","13299"
"2026-03-16T16:00:45","sequential","512","512","500","999","1","1","0","0","","","0.518303","1.03661","14161"
"2026-03-16T16:00:46","openmp","512","512","500","999","1","1","1","0","","","0.97511","1.95022","14161"
"2026-03-16T16:00:47","openmp","512","512","500","999","1","1","2","0","","","0.493507","0.987015","14161"
"2026-03-16T16:00:47","openmp","512","512","500","999","1","1","4","0","","","0.289536","0.579071","14161"
"2026-03-16T16:00:48","openmp","512","512","500","999","1","1","8","0","","","0.244613","0.489226","14161"
"2026-03-16T16:00:48","openmp","512","512","500","999","1","1","16","0","","","0.134794","0.269589","14161"
"2026-03-16T16:00:48","mpi","512","512","500","999","1","1","0","1","","","0.699549","1.3991","14161"
"2026-03-16T16:00:49","mpi","512","512","500","999","1","1","0","2","","","0.34979","0.69958","14161"
"2026-03-16T16:00:49","mpi","512","512","500","999","1","1","0","4","","","0.203815","0.40763","14161"
"2026-03-16T16:00:49","mpi","512","512","500","999","1","1","0","8","","","0.132417","0.264834","14161"
"2026-03-16T16:00:50","mixed","512","512","500","999","1","1","4","2","","","0.260066","0.520132","14161"
"2026-03-16T16:00:50","mixed","512","512","500","999","1","1","4","4","","","0.195335","0.39067","14161"
"2026-03-16T16:00:50","cuda_basic","512","512","500","999","1","1","0","0","basic","NVIDIA GeForce RTX 4070","0.004825","0.00965","14161"
"2026-03-16T16:00:50","cuda_shared","512","512","500","999","1","1","0","0","shared","NVIDIA GeForce RTX 4070","0.0054769","0.0109538","14161"
"2026-03-16T16:00:51","sequential","512","512","500","999","2","0","0","0","","","0.518556","1.03711","14161"
"2026-03-16T16:00:52","openmp","512","512","500","999","2","0","1","0","","","0.976194","1.95239","14161"
"2026-03-16T16:00:52","openmp","512","512","500","999","2","0","2","0","","","0.492407","0.984813","14161"
"2026-03-16T16:00:52","openmp","512","512","500","999","2","0","4","0","","","0.264937","0.529875","14161"
"2026-03-16T16:00:53","openmp","512","512","500","999","2","0","8","0","","","0.191007","0.382015","14161"
"2026-03-16T16:00:53","openmp","512","512","500","999","2","0","16","0","","","0.135243","0.270486","14161"
"2026-03-16T16:00:54","mpi","512","512","500","999","2","0","0","1","","","0.704525","1.40905","14161"
"2026-03-16T16:00:54","mpi","512","512","500","999","2","0","0","2","","","0.350743","0.701487","14161"
"2026-03-16T16:00:54","mpi","512","512","500","999","2","0","0","4","","","0.192028","0.384056","14161"
"2026-03-16T16:00:54","mpi","512","512","500","999","2","0","0","8","","","0.155502","0.311005","14161"
"2026-03-16T16:00:55","mixed","512","512","500","999","2","0","4","2","","","0.266511","0.533021","14161"
"2026-03-16T16:00:55","mixed","512","512","500","999","2","0","4","4","","","0.197006","0.394012","14161"
"2026-03-16T16:00:55","cuda_basic","512","512","500","999","2","0","0","0","basic","NVIDIA GeForce RTX 4070","0.0049027","0.0098054","14161"
"2026-03-16T16:00:55","cuda_shared","512","512","500","999","2","0","0","0","shared","NVIDIA GeForce RTX 4070","0.0057711","0.0115422","14161"
"2026-03-16T16:00:56","sequential","512","512","500","999","3","0","0","0","","","0.516993","1.03399","14161"
"2026-03-16T16:00:57","openmp","512","512","500","999","3","0","1","0","","","0.978936","1.95787","14161"
"2026-03-16T16:00:57","openmp","512","512","500","999","3","0","2","0","","","0.493245","0.986491","14161"
"2026-03-16T16:00:58","openmp","512","512","500","999","3","0","4","0","","","0.258389","0.516778","14161"
"2026-03-16T16:00:58","openmp","512","512","500","999","3","0","8","0","","","0.216734","0.433468","14161"
"2026-03-16T16:00:58","openmp","512","512","500","999","3","0","16","0","","","0.135171","0.270341","14161"
"2026-03-16T16:00:59","mpi","512","512","500","999","3","0","0","1","","","0.699143","1.39829","14161"
"2026-03-16T16:00:59","mpi","512","512","500","999","3","0","0","2","","","0.350146","0.700292","14161"
"2026-03-16T16:00:59","mpi","512","512","500","999","3","0","0","4","","","0.205514","0.411027","14161"
"2026-03-16T16:01:00","mpi","512","512","500","999","3","0","0","8","","","0.143177","0.286354","14161"
"2026-03-16T16:01:00","mixed","512","512","500","999","3","0","4","2","","","0.240628","0.481256","14161"
"2026-03-16T16:01:00","mixed","512","512","500","999","3","0","4","4","","","0.197408","0.394815","14161"
"2026-03-16T16:01:00","cuda_basic","512","512","500","999","3","0","0","0","basic","NVIDIA GeForce RTX 4070","0.0047861","0.0095722","14161"
"2026-03-16T16:01:00","cuda_shared","512","512","500","999","3","0","0","0","shared","NVIDIA GeForce RTX 4070","0.0059478","0.0118956","14161"
"2026-03-16T16:01:01","sequential","512","512","500","999","4","0","0","0","","","0.517461","1.03492","14161"
"2026-03-16T16:01:02","openmp","512","512","500","999","4","0","1","0","","","0.975525","1.95105","14161"
"2026-03-16T16:01:03","openmp","512","512","500","999","4","0","2","0","","","0.492704","0.985409","14161"
"2026-03-16T16:01:03","openmp","512","512","500","999","4","0","4","0","","","0.268844","0.537687","14161"
"2026-03-16T16:01:03","openmp","512","512","500","999","4","0","8","0","","","0.189961","0.379921","14161"
"2026-03-16T16:01:03","openmp","512","512","500","999","4","0","16","0","","","0.135974","0.271949","14161"
"2026-03-16T16:01:04","mpi","512","512","500","999","4","0","0","1","","","0.702226","1.40445","14161"
"2026-03-16T16:01:04","mpi","512","512","500","999","4","0","0","2","","","0.350716","0.701432","14161"
"2026-03-16T16:01:05","mpi","512","512","500","999","4","0","0","4","","","0.182891","0.365782","14161"
"2026-03-16T16:01:05","mpi","512","512","500","999","4","0","0","8","","","0.153989","0.307977","14161"
"2026-03-16T16:01:05","mixed","512","512","500","999","4","0","4","2","","","0.264254","0.528508","14161"
"2026-03-16T16:01:05","mixed","512","512","500","999","4","0","4","4","","","0.19495","0.3899","14161"
"2026-03-16T16:01:06","cuda_basic","512","512","500","999","4","0","0","0","basic","NVIDIA GeForce RTX 4070","0.0051733","0.0103466","14161"
"2026-03-16T16:01:06","cuda_shared","512","512","500","999","4","0","0","0","shared","NVIDIA GeForce RTX 4070","0.0062596","0.0125192","14161"
"2026-03-16T16:01:10","sequential","1024","1024","500","42","1","1","0","0","","","2.05988","4.11976","55741"
"2026-03-16T16:01:14","openmp","1024","1024","500","42","1","1","1","0","","","3.90325","7.8065","55741"
"2026-03-16T16:01:16","openmp","1024","1024","500","42","1","1","2","0","","","1.96556","3.93111","55741"
"2026-03-16T16:01:17","openmp","1024","1024","500","42","1","1","4","0","","","1.03783","2.07565","55741"
"2026-03-16T16:01:18","openmp","1024","1024","500","42","1","1","8","0","","","0.682978","1.36596","55741"
"2026-03-16T16:01:18","openmp","1024","1024","500","42","1","1","16","0","","","0.537813","1.07563","55741"
"2026-03-16T16:01:21","mpi","1024","1024","500","42","1","1","0","1","","","2.77519","5.55037","55741"
"2026-03-16T16:01:23","mpi","1024","1024","500","42","1","1","0","2","","","1.4008","2.8016","55741"
"2026-03-16T16:01:24","mpi","1024","1024","500","42","1","1","0","4","","","0.755648","1.5113","55741"
"2026-03-16T16:01:24","mpi","1024","1024","500","42","1","1","0","8","","","0.508537","1.01707","55741"
"2026-03-16T16:01:25","mixed","1024","1024","500","42","1","1","4","2","","","0.989315","1.97863","55741"
"2026-03-16T16:01:26","mixed","1024","1024","500","42","1","1","4","4","","","0.731964","1.46393","55741"
"2026-03-16T16:01:26","cuda_basic","1024","1024","500","42","1","1","0","0","basic","NVIDIA GeForce RTX 4070","0.0091972","0.0183944","55741"
"2026-03-16T16:01:26","cuda_shared","1024","1024","500","42","1","1","0","0","shared","NVIDIA GeForce RTX 4070","0.0139555","0.027911","55741"
"2026-03-16T16:01:28","sequential","1024","1024","500","42","2","0","0","0","","","2.06841","4.13682","55741"
"2026-03-16T16:01:32","openmp","1024","1024","500","42","2","0","1","0","","","3.90595","7.8119","55741"
"2026-03-16T16:01:34","openmp","1024","1024","500","42","2","0","2","0","","","1.96604","3.93207","55741"
"2026-03-16T16:01:35","openmp","1024","1024","500","42","2","0","4","0","","","1.03629","2.07257","55741"
"2026-03-16T16:01:36","openmp","1024","1024","500","42","2","0","8","0","","","0.683695","1.36739","55741"
"2026-03-16T16:01:37","openmp","1024","1024","500","42","2","0","16","0","","","0.54091","1.08182","55741"
"2026-03-16T16:01:40","mpi","1024","1024","500","42","2","0","0","1","","","2.77729","5.55458","55741"
"2026-03-16T16:01:41","mpi","1024","1024","500","42","2","0","0","2","","","1.40262","2.80525","55741"
"2026-03-16T16:01:42","mpi","1024","1024","500","42","2","0","0","4","","","0.773582","1.54716","55741"
"2026-03-16T16:01:42","mpi","1024","1024","500","42","2","0","0","8","","","0.510198","1.0204","55741"
"2026-03-16T16:01:44","mixed","1024","1024","500","42","2","0","4","2","","","0.979512","1.95902","55741"
"2026-03-16T16:01:44","mixed","1024","1024","500","42","2","0","4","4","","","0.729134","1.45827","55741"
"2026-03-16T16:01:45","cuda_basic","1024","1024","500","42","2","0","0","0","basic","NVIDIA GeForce RTX 4070","0.0092902","0.0185804","55741"
"2026-03-16T16:01:45","cuda_shared","1024","1024","500","42","2","0","0","0","shared","NVIDIA GeForce RTX 4070","0.0137757","0.0275514","55741"
"2026-03-16T16:01:47","sequential","1024","1024","500","42","3","0","0","0","","","2.06342","4.12685","55741"
"2026-03-16T16:01:51","openmp","1024","1024","500","42","3","0","1","0","","","3.90782","7.81565","55741"
"2026-03-16T16:01:53","openmp","1024","1024","500","42","3","0","2","0","","","1.96706","3.93412","55741"
"2026-03-16T16:01:54","openmp","1024","1024","500","42","3","0","4","0","","","1.07206","2.14412","55741"
"2026-03-16T16:01:55","openmp","1024","1024","500","42","3","0","8","0","","","0.643872","1.28774","55741"
"2026-03-16T16:01:55","openmp","1024","1024","500","42","3","0","16","0","","","0.549742","1.09948","55741"
"2026-03-16T16:01:58","mpi","1024","1024","500","42","3","0","0","1","","","2.78676","5.57353","55741"
"2026-03-16T16:01:59","mpi","1024","1024","500","42","3","0","0","2","","","1.397","2.794","55741"
"2026-03-16T16:02:00","mpi","1024","1024","500","42","3","0","0","4","","","0.808308","1.61662","55741"
"2026-03-16T16:02:01","mpi","1024","1024","500","42","3","0","0","8","","","0.535157","1.07031","55741"
"2026-03-16T16:02:02","mixed","1024","1024","500","42","3","0","4","2","","","0.843514","1.68703","55741"
"2026-03-16T16:02:03","mixed","1024","1024","500","42","3","0","4","4","","","0.738524","1.47705","55741"
"2026-03-16T16:02:03","cuda_basic","1024","1024","500","42","3","0","0","0","basic","NVIDIA GeForce RTX 4070","0.0095484","0.0190968","55741"
"2026-03-16T16:02:03","cuda_shared","1024","1024","500","42","3","0","0","0","shared","NVIDIA GeForce RTX 4070","0.0132406","0.0264812","55741"
"2026-03-16T16:02:05","sequential","1024","1024","500","42","4","0","0","0","","","2.05931","4.11862","55741"
"2026-03-16T16:02:09","openmp","1024","1024","500","42","4","0","1","0","","","3.90821","7.81642","55741"
"2026-03-16T16:02:11","openmp","1024","1024","500","42","4","0","2","0","","","1.96713","3.93425","55741"
"2026-03-16T16:02:12","openmp","1024","1024","500","42","4","0","4","0","","","1.04032","2.08064","55741"
"2026-03-16T16:02:13","openmp","1024","1024","500","42","4","0","8","0","","","0.696253","1.39251","55741"
"2026-03-16T16:02:13","openmp","1024","1024","500","42","4","0","16","0","","","0.540719","1.08144","55741"
"2026-03-16T16:02:16","mpi","1024","1024","500","42","4","0","0","1","","","2.78121","5.56242","55741"
"2026-03-16T16:02:18","mpi","1024","1024","500","42","4","0","0","2","","","1.40412","2.80824","55741"
"2026-03-16T16:02:18","mpi","1024","1024","500","42","4","0","0","4","","","0.750006","1.50001","55741"
"2026-03-16T16:02:19","mpi","1024","1024","500","42","4","0","0","8","","","0.534992","1.06998","55741"
"2026-03-16T16:02:20","mixed","1024","1024","500","42","4","0","4","2","","","0.977899","1.9558","55741"
"2026-03-16T16:02:21","mixed","1024","1024","500","42","4","0","4","4","","","0.743756","1.48751","55741"
"2026-03-16T16:02:21","cuda_basic","1024","1024","500","42","4","0","0","0","basic","NVIDIA GeForce RTX 4070","0.0087026","0.0174052","55741"
"2026-03-16T16:02:21","cuda_shared","1024","1024","500","42","4","0","0","0","shared","NVIDIA GeForce RTX 4070","0.0135752","0.0271504","55741"
"2026-03-16T16:02:23","sequential","1024","1024","500","123","1","1","0","0","","","2.06932","4.13865","56248"
"2026-03-16T16:02:27","openmp","1024","1024","500","123","1","1","1","0","","","3.90873","7.81746","56248"
"2026-03-16T16:02:29","openmp","1024","1024","500","123","1","1","2","0","","","1.97246","3.94491","56248"
"2026-03-16T16:02:30","openmp","1024","1024","500","123","1","1","4","0","","","1.05638","2.11276","56248"
"2026-03-16T16:02:31","openmp","1024","1024","500","123","1","1","8","0","","","0.65476","1.30952","56248"
"2026-03-16T16:02:31","openmp","1024","1024","500","123","1","1","16","0","","","0.537784","1.07557","56248"
"2026-03-16T16:02:34","mpi","1024","1024","500","123","1","1","0","1","","","2.84087","5.68174","56248"
"2026-03-16T16:02:36","mpi","1024","1024","500","123","1","1","0","2","","","1.4041","2.80819","56248"
"2026-03-16T16:02:37","mpi","1024","1024","500","123","1","1","0","4","","","0.821103","1.64221","56248"
"2026-03-16T16:02:37","mpi","1024","1024","500","123","1","1","0","8","","","0.468882","0.937764","56248"
"2026-03-16T16:02:38","mixed","1024","1024","500","123","1","1","4","2","","","0.905776","1.81155","56248"
"2026-03-16T16:02:39","mixed","1024","1024","500","123","1","1","4","4","","","0.731753","1.46351","56248"
"2026-03-16T16:02:39","cuda_basic","1024","1024","500","123","1","1","0","0","basic","NVIDIA GeForce RTX 4070","0.0088505","0.017701","56248"
"2026-03-16T16:02:39","cuda_shared","1024","1024","500","123","1","1","0","0","shared","NVIDIA GeForce RTX 4070","0.013766","0.027532","56248"
"2026-03-16T16:02:41","sequential","1024","1024","500","123","2","0","0","0","","","2.06836","4.13671","56248"
"2026-03-16T16:02:45","openmp","1024","1024","500","123","2","0","1","0","","","3.91154","7.82308","56248"
"2026-03-16T16:02:47","openmp","1024","1024","500","123","2","0","2","0","","","1.96934","3.93868","56248"
"2026-03-16T16:02:48","openmp","1024","1024","500","123","2","0","4","0","","","1.04378","2.08757","56248"
"2026-03-16T16:02:49","openmp","1024","1024","500","123","2","0","8","0","","","0.666393","1.33279","56248"
"2026-03-16T16:02:50","openmp","1024","1024","500","123","2","0","16","0","","","0.535722","1.07144","56248"
"2026-03-16T16:02:53","mpi","1024","1024","500","123","2","0","0","1","","","2.78513","5.57027","56248"
"2026-03-16T16:02:54","mpi","1024","1024","500","123","2","0","0","2","","","1.40107","2.80213","56248"
"2026-03-16T16:02:55","mpi","1024","1024","500","123","2","0","0","4","","","0.764127","1.52825","56248"
"2026-03-16T16:02:55","mpi","1024","1024","500","123","2","0","0","8","","","0.467235","0.934471","56248"
"2026-03-16T16:02:56","mixed","1024","1024","500","123","2","0","4","2","","","0.931792","1.86358","56248"
"2026-03-16T16:02:57","mixed","1024","1024","500","123","2","0","4","4","","","0.736336","1.47267","56248"
"2026-03-16T16:02:57","cuda_basic","1024","1024","500","123","2","0","0","0","basic","NVIDIA GeForce RTX 4070","0.0086837","0.0173674","56248"
"2026-03-16T16:02:57","cuda_shared","1024","1024","500","123","2","0","0","0","shared","NVIDIA GeForce RTX 4070","0.0135379","0.0270758","56248"
"2026-03-16T16:03:00","sequential","1024","1024","500","123","3","0","0","0","","","2.06788","4.13576","56248"
"2026-03-16T16:03:03","openmp","1024","1024","500","123","3","0","1","0","","","3.90774","7.81548","56248"
"2026-03-16T16:03:05","openmp","1024","1024","500","123","3","0","2","0","","","1.96908","3.93817","56248"
"2026-03-16T16:03:07","openmp","1024","1024","500","123","3","0","4","0","","","1.09759","2.19519","56248"
"2026-03-16T16:03:07","openmp","1024","1024","500","123","3","0","8","0","","","0.680096","1.36019","56248"
"2026-03-16T16:03:08","openmp","1024","1024","500","123","3","0","16","0","","","0.533283","1.06657","56248"
"2026-03-16T16:03:11","mpi","1024","1024","500","123","3","0","0","1","","","2.79266","5.58532","56248"
"2026-03-16T16:03:12","mpi","1024","1024","500","123","3","0","0","2","","","1.40466","2.80933","56248"
"2026-03-16T16:03:13","mpi","1024","1024","500","123","3","0","0","4","","","0.791649","1.5833","56248"
"2026-03-16T16:03:14","mpi","1024","1024","500","123","3","0","0","8","","","0.485739","0.971479","56248"
"2026-03-16T16:03:15","mixed","1024","1024","500","123","3","0","4","2","","","0.968092","1.93618","56248"
"2026-03-16T16:03:15","mixed","1024","1024","500","123","3","0","4","4","","","0.728606","1.45721","56248"
"2026-03-16T16:03:16","cuda_basic","1024","1024","500","123","3","0","0","0","basic","NVIDIA GeForce RTX 4070","0.0092428","0.0184856","56248"
"2026-03-16T16:03:16","cuda_shared","1024","1024","500","123","3","0","0","0","shared","NVIDIA GeForce RTX 4070","0.0132879","0.0265758","56248"
"2026-03-16T16:03:18","sequential","1024","1024","500","123","4","0","0","0","","","2.06529","4.13059","56248"
"2026-03-16T16:03:22","openmp","1024","1024","500","123","4","0","1","0","","","3.91911","7.83822","56248"
"2026-03-16T16:03:24","openmp","1024","1024","500","123","4","0","2","0","","","1.97396","3.94793","56248"
"2026-03-16T16:03:25","openmp","1024","1024","500","123","4","0","4","0","","","1.08205","2.1641","56248"
"2026-03-16T16:03:25","openmp","1024","1024","500","123","4","0","8","0","","","0.629163","1.25833","56248"
"2026-03-16T16:03:26","openmp","1024","1024","500","123","4","0","16","0","","","0.536976","1.07395","56248"
"2026-03-16T16:03:29","mpi","1024","1024","500","123","4","0","0","1","","","2.78227","5.56455","56248"
"2026-03-16T16:03:30","mpi","1024","1024","500","123","4","0","0","2","","","1.41487","2.82974","56248"
"2026-03-16T16:03:31","mpi","1024","1024","500","123","4","0","0","4","","","0.773809","1.54762","56248"
"2026-03-16T16:03:32","mpi","1024","1024","500","123","4","0","0","8","","","0.473786","0.947572","56248"
"2026-03-16T16:03:33","mixed","1024","1024","500","123","4","0","4","2","","","0.999798","1.9996","56248"
"2026-03-16T16:03:34","mixed","1024","1024","500","123","4","0","4","4","","","0.729463","1.45893","56248"
"2026-03-16T16:03:34","cuda_basic","1024","1024","500","123","4","0","0","0","basic","NVIDIA GeForce RTX 4070","0.0086327","0.0172654","56248"
"2026-03-16T16:03:34","cuda_shared","1024","1024","500","123","4","0","0","0","shared","NVIDIA GeForce RTX 4070","0.0137695","0.027539","56248"
"2026-03-16T16:03:36","sequential","1024","1024","500","999","1","1","0","0","","","2.06559","4.13119","57217"
"2026-03-16T16:03:40","openmp","1024","1024","500","999","1","1","1","0","","","3.91468","7.82935","57217"
"2026-03-16T16:03:42","openmp","1024","1024","500","999","1","1","2","0","","","1.96844","3.93688","57217"
"2026-03-16T16:03:43","openmp","1024","1024","500","999","1","1","4","0","","","1.03689","2.07377","57217"
"2026-03-16T16:03:44","openmp","1024","1024","500","999","1","1","8","0","","","0.595954","1.19191","57217"
"2026-03-16T16:03:44","openmp","1024","1024","500","999","1","1","16","0","","","0.533873","1.06775","57217"
"2026-03-16T16:03:47","mpi","1024","1024","500","999","1","1","0","1","","","2.78293","5.56586","57217"
"2026-03-16T16:03:48","mpi","1024","1024","500","999","1","1","0","2","","","1.40248","2.80495","57217"
"2026-03-16T16:03:49","mpi","1024","1024","500","999","1","1","0","4","","","0.746692","1.49338","57217"
"2026-03-16T16:03:50","mpi","1024","1024","500","999","1","1","0","8","","","0.485682","0.971364","57217"
"2026-03-16T16:03:51","mixed","1024","1024","500","999","1","1","4","2","","","1.00648","2.01295","57217"
"2026-03-16T16:03:52","mixed","1024","1024","500","999","1","1","4","4","","","0.724359","1.44872","57217"
"2026-03-16T16:03:52","cuda_basic","1024","1024","500","999","1","1","0","0","basic","NVIDIA GeForce RTX 4070","0.0085961","0.0171922","57217"
"2026-03-16T16:03:52","cuda_shared","1024","1024","500","999","1","1","0","0","shared","NVIDIA GeForce RTX 4070","0.0136855","0.027371","57217"
"2026-03-16T16:03:54","sequential","1024","1024","500","999","2","0","0","0","","","2.066","4.132","57217"
"2026-03-16T16:03:58","openmp","1024","1024","500","999","2","0","1","0","","","3.91332","7.82664","57217"
"2026-03-16T16:04:00","openmp","1024","1024","500","999","2","0","2","0","","","1.97017","3.94034","57217"
"2026-03-16T16:04:01","openmp","1024","1024","500","999","2","0","4","0","","","1.10318","2.20636","57217"
"2026-03-16T16:04:02","openmp","1024","1024","500","999","2","0","8","0","","","0.661129","1.32226","57217"
"2026-03-16T16:04:02","openmp","1024","1024","500","999","2","0","16","0","","","0.536336","1.07267","57217"
"2026-03-16T16:04:05","mpi","1024","1024","500","999","2","0","0","1","","","2.78897","5.57795","57217"
"2026-03-16T16:04:07","mpi","1024","1024","500","999","2","0","0","2","","","1.88084","3.76169","57217"
"2026-03-16T16:04:08","mpi","1024","1024","500","999","2","0","0","4","","","0.760075","1.52015","57217"
"2026-03-16T16:04:09","mpi","1024","1024","500","999","2","0","0","8","","","0.490566","0.981132","57217"
"2026-03-16T16:04:10","mixed","1024","1024","500","999","2","0","4","2","","","0.854589","1.70918","57217"
"2026-03-16T16:04:10","mixed","1024","1024","500","999","2","0","4","4","","","0.72856","1.45712","57217"
"2026-03-16T16:04:11","cuda_basic","1024","1024","500","999","2","0","0","0","basic","NVIDIA GeForce RTX 4070","0.0096064","0.0192128","57217"
"2026-03-16T16:04:11","cuda_shared","1024","1024","500","999","2","0","0","0","shared","NVIDIA GeForce RTX 4070","0.0139768","0.0279536","57217"
"2026-03-16T16:04:13","sequential","1024","1024","500","999","3","0","0","0","","","2.06744","4.13489","57217"
"2026-03-16T16:04:17","openmp","1024","1024","500","999","3","0","1","0","","","3.92023","7.84046","57217"
"2026-03-16T16:04:19","openmp","1024","1024","500","999","3","0","2","0","","","1.97212","3.94424","57217"
"2026-03-16T16:04:20","openmp","1024","1024","500","999","3","0","4","0","","","1.04828","2.09657","57217"
"2026-03-16T16:04:20","openmp","1024","1024","500","999","3","0","8","0","","","0.652079","1.30416","57217"
"2026-03-16T16:04:21","openmp","1024","1024","500","999","3","0","16","0","","","0.545037","1.09007","57217"
"2026-03-16T16:04:24","mpi","1024","1024","500","999","3","0","0","1","","","2.77674","5.55348","57217"
"2026-03-16T16:04:25","mpi","1024","1024","500","999","3","0","0","2","","","1.4102","2.8204","57217"
"2026-03-16T16:04:26","mpi","1024","1024","500","999","3","0","0","4","","","0.807876","1.61575","57217"
"2026-03-16T16:04:27","mpi","1024","1024","500","999","3","0","0","8","","","0.520628","1.04126","57217"
"2026-03-16T16:04:28","mixed","1024","1024","500","999","3","0","4","2","","","0.923109","1.84622","57217"
"2026-03-16T16:04:29","mixed","1024","1024","500","999","3","0","4","4","","","0.73886","1.47772","57217"
"2026-03-16T16:04:29","cuda_basic","1024","1024","500","999","3","0","0","0","basic","NVIDIA GeForce RTX 4070","0.0097898","0.0195796","57217"
"2026-03-16T16:04:29","cuda_shared","1024","1024","500","999","3","0","0","0","shared","NVIDIA GeForce RTX 4070","0.0133362","0.0266724","57217"
"2026-03-16T16:04:31","sequential","1024","1024","500","999","4","0","0","0","","","2.06963","4.13926","57217"
"2026-03-16T16:04:35","openmp","1024","1024","500","999","4","0","1","0","","","3.90709","7.81418","57217"
"2026-03-16T16:04:37","openmp","1024","1024","500","999","4","0","2","0","","","1.97873","3.95746","57217"
"2026-03-16T16:04:38","openmp","1024","1024","500","999","4","0","4","0","","","1.09152","2.18305","57217"
"2026-03-16T16:04:39","openmp","1024","1024","500","999","4","0","8","0","","","0.75671","1.51342","57217"
"2026-03-16T16:04:39","openmp","1024","1024","500","999","4","0","16","0","","","0.542201","1.0844","57217"
"2026-03-16T16:04:42","mpi","1024","1024","500","999","4","0","0","1","","","2.77708","5.55415","57217"
"2026-03-16T16:04:44","mpi","1024","1024","500","999","4","0","0","2","","","1.42655","2.8531","57217"
"2026-03-16T16:04:45","mpi","1024","1024","500","999","4","0","0","4","","","0.767406","1.53481","57217"
"2026-03-16T16:04:45","mpi","1024","1024","500","999","4","0","0","8","","","0.505365","1.01073","57217"
"2026-03-16T16:04:46","mixed","1024","1024","500","999","4","0","4","2","","","0.884833","1.76967","57217"
"2026-03-16T16:04:47","mixed","1024","1024","500","999","4","0","4","4","","","0.730516","1.46103","57217"
"2026-03-16T16:04:47","cuda_basic","1024","1024","500","999","4","0","0","0","basic","NVIDIA GeForce RTX 4070","0.0086872","0.0173744","57217"
"2026-03-16T16:04:47","cuda_shared","1024","1024","500","999","4","0","0","0","shared","NVIDIA GeForce RTX 4070","0.0140432","0.0280864","57217"
"2026-03-16T16:04:58","sequential","2048","2048","500","42","1","1","0","0","","","8.33443","16.6689","231374"
"2026-03-16T16:05:14","openmp","2048","2048","500","42","1","1","1","0","","","15.7237","31.4473","231374"
"2026-03-16T16:05:24","openmp","2048","2048","500","42","1","1","2","0","","","10.0524","20.1048","231374"
"2026-03-16T16:05:29","openmp","2048","2048","500","42","1","1","4","0","","","5.22247","10.4449","231374"
"2026-03-16T16:05:32","openmp","2048","2048","500","42","1","1","8","0","","","2.62306","5.24612","231374"
"2026-03-16T16:05:34","openmp","2048","2048","500","42","1","1","16","0","","","2.13933","4.27866","231374"
"2026-03-16T16:05:45","mpi","2048","2048","500","42","1","1","0","1","","","11.1712","22.3423","231374"
"2026-03-16T16:05:53","mpi","2048","2048","500","42","1","1","0","2","","","7.90888","15.8178","231374"
"2026-03-16T16:05:58","mpi","2048","2048","500","42","1","1","0","4","","","4.72156","9.44311","231374"
"2026-03-16T16:06:00","mpi","2048","2048","500","42","1","1","0","8","","","1.8339","3.66781","231374"
"2026-03-16T16:06:04","mixed","2048","2048","500","42","1","1","4","2","","","3.73053","7.46107","231374"
"2026-03-16T16:06:07","mixed","2048","2048","500","42","1","1","4","4","","","2.89127","5.78255","231374"
"2026-03-16T16:06:07","cuda_basic","2048","2048","500","42","1","1","0","0","basic","NVIDIA GeForce RTX 4070","0.030744","0.061488","231374"
"2026-03-16T16:06:07","cuda_shared","2048","2048","500","42","1","1","0","0","shared","NVIDIA GeForce RTX 4070","0.0490907","0.0981814","231374"
"2026-03-16T16:06:16","sequential","2048","2048","500","42","2","0","0","0","","","8.32841","16.6568","231374"
"2026-03-16T16:06:31","openmp","2048","2048","500","42","2","0","1","0","","","15.7422","31.4843","231374"
"2026-03-16T16:06:44","openmp","2048","2048","500","42","2","0","2","0","","","12.0264","24.0528","231374"
"2026-03-16T16:06:49","openmp","2048","2048","500","42","2","0","4","0","","","5.09244","10.1849","231374"
"2026-03-16T16:06:51","openmp","2048","2048","500","42","2","0","8","0","","","2.61906","5.23812","231374"
"2026-03-16T16:06:54","openmp","2048","2048","500","42","2","0","16","0","","","2.17399","4.34797","231374"
"2026-03-16T16:07:05","mpi","2048","2048","500","42","2","0","0","1","","","11.1671","22.3343","231374"
"2026-03-16T16:07:12","mpi","2048","2048","500","42","2","0","0","2","","","7.3176","14.6352","231374"
"2026-03-16T16:07:15","mpi","2048","2048","500","42","2","0","0","4","","","3.03591","6.07183","231374"
"2026-03-16T16:07:18","mpi","2048","2048","500","42","2","0","0","8","","","2.50583","5.01166","231374"
"2026-03-16T16:07:22","mixed","2048","2048","500","42","2","0","4","2","","","3.88511","7.77022","231374"
"2026-03-16T16:07:25","mixed","2048","2048","500","42","2","0","4","4","","","2.88554","5.77107","231374"
"2026-03-16T16:07:25","cuda_basic","2048","2048","500","42","2","0","0","0","basic","NVIDIA GeForce RTX 4070","0.0309059","0.0618118","231374"
"2026-03-16T16:07:25","cuda_shared","2048","2048","500","42","2","0","0","0","shared","NVIDIA GeForce RTX 4070","0.0499653","0.0999306","231374"
"2026-03-16T16:07:34","sequential","2048","2048","500","42","3","0","0","0","","","8.33501","16.67","231374"
"2026-03-16T16:07:50","openmp","2048","2048","500","42","3","0","1","0","","","15.7739","31.5478","231374"
"2026-03-16T16:08:00","openmp","2048","2048","500","42","3","0","2","0","","","10.2646","20.5292","231374"
"2026-03-16T16:08:05","openmp","2048","2048","500","42","3","0","4","0","","","5.14638","10.2928","231374"
"2026-03-16T16:08:08","openmp","2048","2048","500","42","3","0","8","0","","","2.57404","5.14808","231374"
"2026-03-16T16:08:10","openmp","2048","2048","500","42","3","0","16","0","","","2.14338","4.28675","231374"
"2026-03-16T16:08:21","mpi","2048","2048","500","42","3","0","0","1","","","11.1636","22.3272","231374"
"2026-03-16T16:08:29","mpi","2048","2048","500","42","3","0","0","2","","","7.64671","15.2934","231374"
"2026-03-16T16:08:32","mpi","2048","2048","500","42","3","0","0","4","","","3.03409","6.06817","231374"
"2026-03-16T16:08:34","mpi","2048","2048","500","42","3","0","0","8","","","1.80345","3.6069","231374"
"2026-03-16T16:08:38","mixed","2048","2048","500","42","3","0","4","2","","","3.69188","7.38376","231374"
"2026-03-16T16:08:41","mixed","2048","2048","500","42","3","0","4","4","","","2.90021","5.80042","231374"
"2026-03-16T16:08:41","cuda_basic","2048","2048","500","42","3","0","0","0","basic","NVIDIA GeForce RTX 4070","0.0295858","0.0591716","231374"
"2026-03-16T16:08:41","cuda_shared","2048","2048","500","42","3","0","0","0","shared","NVIDIA GeForce RTX 4070","0.0497975","0.099595","231374"
"2026-03-16T16:08:50","sequential","2048","2048","500","42","4","0","0","0","","","8.33473","16.6695","231374"
"2026-03-16T16:09:05","openmp","2048","2048","500","42","4","0","1","0","","","15.7414","31.4829","231374"
"2026-03-16T16:09:17","openmp","2048","2048","500","42","4","0","2","0","","","12.0666","24.1333","231374"
"2026-03-16T16:09:23","openmp","2048","2048","500","42","4","0","4","0","","","5.33643","10.6729","231374"
"2026-03-16T16:09:25","openmp","2048","2048","500","42","4","0","8","0","","","2.54261","5.08523","231374"
"2026-03-16T16:09:28","openmp","2048","2048","500","42","4","0","16","0","","","2.14719","4.29438","231374"
"2026-03-16T16:09:39","mpi","2048","2048","500","42","4","0","0","1","","","11.2006","22.4012","231374"
"2026-03-16T16:09:47","mpi","2048","2048","500","42","4","0","0","2","","","7.71265","15.4253","231374"
"2026-03-16T16:09:50","mpi","2048","2048","500","42","4","0","0","4","","","3.13615","6.2723","231374"
"2026-03-16T16:09:52","mpi","2048","2048","500","42","4","0","0","8","","","2.15585","4.31169","231374"
"2026-03-16T16:09:56","mixed","2048","2048","500","42","4","0","4","2","","","3.87164","7.74328","231374"
"2026-03-16T16:09:59","mixed","2048","2048","500","42","4","0","4","4","","","2.90073","5.80145","231374"
"2026-03-16T16:09:59","cuda_basic","2048","2048","500","42","4","0","0","0","basic","NVIDIA GeForce RTX 4070","0.0309034","0.0618068","231374"
"2026-03-16T16:10:00","cuda_shared","2048","2048","500","42","4","0","0","0","shared","NVIDIA GeForce RTX 4070","0.0499593","0.0999186","231374"
"2026-03-16T16:10:08","sequential","2048","2048","500","123","1","1","0","0","","","8.33604","16.6721","226923"
"2026-03-16T16:10:24","openmp","2048","2048","500","123","1","1","1","0","","","15.7433","31.4866","226923"
"2026-03-16T16:10:33","openmp","2048","2048","500","123","1","1","2","0","","","9.0366","18.0732","226923"
"2026-03-16T16:10:38","openmp","2048","2048","500","123","1","1","4","0","","","5.08715","10.1743","226923"
"2026-03-16T16:10:41","openmp","2048","2048","500","123","1","1","8","0","","","2.62153","5.24306","226923"
"2026-03-16T16:10:43","openmp","2048","2048","500","123","1","1","16","0","","","2.14264","4.28528","226923"
"2026-03-16T16:10:54","mpi","2048","2048","500","123","1","1","0","1","","","11.1745","22.349","226923"
"2026-03-16T16:11:02","mpi","2048","2048","500","123","1","1","0","2","","","7.42494","14.8499","226923"
"2026-03-16T16:11:05","mpi","2048","2048","500","123","1","1","0","4","","","3.01698","6.03396","226923"
"2026-03-16T16:11:07","mpi","2048","2048","500","123","1","1","0","8","","","2.48523","4.97047","226923"
"2026-03-16T16:11:11","mixed","2048","2048","500","123","1","1","4","2","","","3.83546","7.67093","226923"
"2026-03-16T16:11:14","mixed","2048","2048","500","123","1","1","4","4","","","2.89544","5.79087","226923"
"2026-03-16T16:11:14","cuda_basic","2048","2048","500","123","1","1","0","0","basic","NVIDIA GeForce RTX 4070","0.0308734","0.0617468","226923"
"2026-03-16T16:11:15","cuda_shared","2048","2048","500","123","1","1","0","0","shared","NVIDIA GeForce RTX 4070","0.0489715","0.097943","226923"
"2026-03-16T16:11:23","sequential","2048","2048","500","123","2","0","0","0","","","8.42965","16.8593","226923"
"2026-03-16T16:11:39","openmp","2048","2048","500","123","2","0","1","0","","","15.788","31.576","226923"
"2026-03-16T16:11:50","openmp","2048","2048","500","123","2","0","2","0","","","10.6605","21.3209","226923"
"2026-03-16T16:11:55","openmp","2048","2048","500","123","2","0","4","0","","","5.17722","10.3544","226923"
"2026-03-16T16:11:58","openmp","2048","2048","500","123","2","0","8","0","","","2.59822","5.19644","226923"
"2026-03-16T16:12:00","openmp","2048","2048","500","123","2","0","16","0","","","2.15858","4.31717","226923"
"2026-03-16T16:12:11","mpi","2048","2048","500","123","2","0","0","1","","","11.16","22.32","226923"
"2026-03-16T16:12:18","mpi","2048","2048","500","123","2","0","0","2","","","6.49312","12.9862","226923"
"2026-03-16T16:12:21","mpi","2048","2048","500","123","2","0","0","4","","","2.97458","5.94916","226923"
"2026-03-16T16:12:23","mpi","2048","2048","500","123","2","0","0","8","","","2.23138","4.46276","226923"
"2026-03-16T16:12:27","mixed","2048","2048","500","123","2","0","4","2","","","3.78085","7.5617","226923"
"2026-03-16T16:12:30","mixed","2048","2048","500","123","2","0","4","4","","","2.91254","5.82508","226923"
"2026-03-16T16:12:30","cuda_basic","2048","2048","500","123","2","0","0","0","basic","NVIDIA GeForce RTX 4070","0.0309947","0.0619894","226923"
"2026-03-16T16:12:30","cuda_shared","2048","2048","500","123","2","0","0","0","shared","NVIDIA GeForce RTX 4070","0.0497387","0.0994774","226923"
"2026-03-16T16:12:39","sequential","2048","2048","500","123","3","0","0","0","","","8.32973","16.6595","226923"
"2026-03-16T16:12:55","openmp","2048","2048","500","123","3","0","1","0","","","15.747","31.494","226923"
"2026-03-16T16:13:05","openmp","2048","2048","500","123","3","0","2","0","","","10.1418","20.2837","226923"
"2026-03-16T16:13:10","openmp","2048","2048","500","123","3","0","4","0","","","5.29139","10.5828","226923"
"2026-03-16T16:13:13","openmp","2048","2048","500","123","3","0","8","0","","","2.4915","4.983","226923"
"2026-03-16T16:13:15","openmp","2048","2048","500","123","3","0","16","0","","","2.13475","4.2695","226923"
"2026-03-16T16:13:26","mpi","2048","2048","500","123","3","0","0","1","","","11.175","22.3501","226923"
"2026-03-16T16:13:34","mpi","2048","2048","500","123","3","0","0","2","","","7.78646","15.5729","226923"
"2026-03-16T16:13:39","mpi","2048","2048","500","123","3","0","0","4","","","5.25154","10.5031","226923"
"2026-03-16T16:13:42","mpi","2048","2048","500","123","3","0","0","8","","","2.35383","4.70767","226923"
"2026-03-16T16:13:46","mixed","2048","2048","500","123","3","0","4","2","","","3.74348","7.48696","226923"
"2026-03-16T16:13:49","mixed","2048","2048","500","123","3","0","4","4","","","2.88757","5.77514","226923"
"2026-03-16T16:13:49","cuda_basic","2048","2048","500","123","3","0","0","0","basic","NVIDIA GeForce RTX 4070","0.0295605","0.059121","226923"
"2026-03-16T16:13:49","cuda_shared","2048","2048","500","123","3","0","0","0","shared","NVIDIA GeForce RTX 4070","0.0497702","0.0995404","226923"
"2026-03-16T16:13:57","sequential","2048","2048","500","123","4","0","0","0","","","8.32788","16.6558","226923"
"2026-03-16T16:14:13","openmp","2048","2048","500","123","4","0","1","0","","","15.7627","31.5254","226923"
"2026-03-16T16:14:23","openmp","2048","2048","500","123","4","0","2","0","","","10.0718","20.1435","226923"
"2026-03-16T16:14:29","openmp","2048","2048","500","123","4","0","4","0","","","5.23843","10.4769","226923"
"2026-03-16T16:14:31","openmp","2048","2048","500","123","4","0","8","0","","","2.51331","5.02662","226923"
"2026-03-16T16:14:33","openmp","2048","2048","500","123","4","0","16","0","","","2.14013","4.28025","226923"
"2026-03-16T16:14:45","mpi","2048","2048","500","123","4","0","0","1","","","11.1751","22.3502","226923"
"2026-03-16T16:14:52","mpi","2048","2048","500","123","4","0","0","2","","","7.5573","15.1146","226923"
"2026-03-16T16:14:55","mpi","2048","2048","500","123","4","0","0","4","","","3.09427","6.18855","226923"
"2026-03-16T16:14:58","mpi","2048","2048","500","123","4","0","0","8","","","2.43458","4.86916","226923"
"2026-03-16T16:15:02","mixed","2048","2048","500","123","4","0","4","2","","","3.94277","7.88554","226923"
"2026-03-16T16:15:05","mixed","2048","2048","500","123","4","0","4","4","","","2.8939","5.78779","226923"
"2026-03-16T16:15:05","cuda_basic","2048","2048","500","123","4","0","0","0","basic","NVIDIA GeForce RTX 4070","0.0307842","0.0615684","226923"
"2026-03-16T16:15:05","cuda_shared","2048","2048","500","123","4","0","0","0","shared","NVIDIA GeForce RTX 4070","0.0497397","0.0994794","226923"
"2026-03-16T16:15:14","sequential","2048","2048","500","999","1","1","0","0","","","8.34623","16.6925","226216"
"2026-03-16T16:15:30","openmp","2048","2048","500","999","1","1","1","0","","","15.8781","31.7562","226216"
"2026-03-16T16:15:42","openmp","2048","2048","500","999","1","1","2","0","","","11.6912","23.3825","226216"
"2026-03-16T16:15:47","openmp","2048","2048","500","999","1","1","4","0","","","5.31041","10.6208","226216"
"2026-03-16T16:15:50","openmp","2048","2048","500","999","1","1","8","0","","","2.77568","5.55137","226216"
"2026-03-16T16:15:52","openmp","2048","2048","500","999","1","1","16","0","","","2.1468","4.29359","226216"
"2026-03-16T16:16:03","mpi","2048","2048","500","999","1","1","0","1","","","11.174","22.348","226216"
"2026-03-16T16:16:10","mpi","2048","2048","500","999","1","1","0","2","","","6.96456","13.9291","226216"
"2026-03-16T16:16:13","mpi","2048","2048","500","999","1","1","0","4","","","3.02239","6.04479","226216"
"2026-03-16T16:16:16","mpi","2048","2048","500","999","1","1","0","8","","","2.52636","5.05273","226216"
"2026-03-16T16:16:20","mixed","2048","2048","500","999","1","1","4","2","","","3.80671","7.61341","226216"
"2026-03-16T16:16:23","mixed","2048","2048","500","999","1","1","4","4","","","2.88249","5.76498","226216"
"2026-03-16T16:16:23","cuda_basic","2048","2048","500","999","1","1","0","0","basic","NVIDIA GeForce RTX 4070","0.030117","0.060234","226216"
"2026-03-16T16:16:23","cuda_shared","2048","2048","500","999","1","1","0","0","shared","NVIDIA GeForce RTX 4070","0.0490413","0.0980826","226216"
"2026-03-16T16:16:32","sequential","2048","2048","500","999","2","0","0","0","","","8.35728","16.7146","226216"
"2026-03-16T16:16:48","openmp","2048","2048","500","999","2","0","1","0","","","15.762","31.5241","226216"
"2026-03-16T16:16:56","openmp","2048","2048","500","999","2","0","2","0","","","7.92391","15.8478","226216"
"2026-03-16T16:17:01","openmp","2048","2048","500","999","2","0","4","0","","","5.28974","10.5795","226216"
"2026-03-16T16:17:04","openmp","2048","2048","500","999","2","0","8","0","","","2.5614","5.1228","226216"
"2026-03-16T16:17:06","openmp","2048","2048","500","999","2","0","16","0","","","2.1357","4.27139","226216"
"2026-03-16T16:17:17","mpi","2048","2048","500","999","2","0","0","1","","","11.1875","22.375","226216"
"2026-03-16T16:17:23","mpi","2048","2048","500","999","2","0","0","2","","","6.19433","12.3887","226216"
"2026-03-16T16:17:27","mpi","2048","2048","500","999","2","0","0","4","","","3.66302","7.32603","226216"
"2026-03-16T16:17:30","mpi","2048","2048","500","999","2","0","0","8","","","2.65015","5.30029","226216"
"2026-03-16T16:17:34","mixed","2048","2048","500","999","2","0","4","2","","","3.77097","7.54195","226216"
"2026-03-16T16:17:37","mixed","2048","2048","500","999","2","0","4","4","","","2.88746","5.77491","226216"
"2026-03-16T16:17:37","cuda_basic","2048","2048","500","999","2","0","0","0","basic","NVIDIA GeForce RTX 4070","0.0294948","0.0589896","226216"
"2026-03-16T16:17:37","cuda_shared","2048","2048","500","999","2","0","0","0","shared","NVIDIA GeForce RTX 4070","0.0491977","0.0983954","226216"
"2026-03-16T16:17:45","sequential","2048","2048","500","999","3","0","0","0","","","8.35007","16.7001","226216"
"2026-03-16T16:18:01","openmp","2048","2048","500","999","3","0","1","0","","","15.7725","31.545","226216"
"2026-03-16T16:18:11","openmp","2048","2048","500","999","3","0","2","0","","","9.39119","18.7824","226216"
"2026-03-16T16:18:16","openmp","2048","2048","500","999","3","0","4","0","","","4.89038","9.78077","226216"
"2026-03-16T16:18:18","openmp","2048","2048","500","999","3","0","8","0","","","2.53294","5.06587","226216"
"2026-03-16T16:18:20","openmp","2048","2048","500","999","3","0","16","0","","","2.13641","4.27282","226216"
"2026-03-16T16:18:32","mpi","2048","2048","500","999","3","0","0","1","","","11.1775","22.3549","226216"
"2026-03-16T16:18:40","mpi","2048","2048","500","999","3","0","0","2","","","8.12956","16.2591","226216"
"2026-03-16T16:18:43","mpi","2048","2048","500","999","3","0","0","4","","","2.99595","5.9919","226216"
"2026-03-16T16:18:46","mpi","2048","2048","500","999","3","0","0","8","","","2.56824","5.13649","226216"
"2026-03-16T16:18:50","mixed","2048","2048","500","999","3","0","4","2","","","3.82745","7.65491","226216"
"2026-03-16T16:18:53","mixed","2048","2048","500","999","3","0","4","4","","","2.90249","5.80498","226216"
"2026-03-16T16:18:53","cuda_basic","2048","2048","500","999","3","0","0","0","basic","NVIDIA GeForce RTX 4070","0.0307105","0.061421","226216"
"2026-03-16T16:18:53","cuda_shared","2048","2048","500","999","3","0","0","0","shared","NVIDIA GeForce RTX 4070","0.0490255","0.098051","226216"
"2026-03-16T16:19:01","sequential","2048","2048","500","999","4","0","0","0","","","8.35401","16.708","226216"
"2026-03-16T16:19:17","openmp","2048","2048","500","999","4","0","1","0","","","15.7612","31.5225","226216"
"2026-03-16T16:19:27","openmp","2048","2048","500","999","4","0","2","0","","","10.0168","20.0336","226216"
"2026-03-16T16:19:33","openmp","2048","2048","500","999","4","0","4","0","","","5.32192","10.6438","226216"
"2026-03-16T16:19:35","openmp","2048","2048","500","999","4","0","8","0","","","2.53781","5.07562","226216"
"2026-03-16T16:19:37","openmp","2048","2048","500","999","4","0","16","0","","","2.13359","4.26717","226216"
"2026-03-16T16:19:49","mpi","2048","2048","500","999","4","0","0","1","","","11.1788","22.3577","226216"
"2026-03-16T16:19:56","mpi","2048","2048","500","999","4","0","0","2","","","6.90637","13.8127","226216"
"2026-03-16T16:19:59","mpi","2048","2048","500","999","4","0","0","4","","","3.09228","6.18456","226216"
"2026-03-16T16:20:01","mpi","2048","2048","500","999","4","0","0","8","","","2.43571","4.87141","226216"
"2026-03-16T16:20:05","mixed","2048","2048","500","999","4","0","4","2","","","3.64915","7.29829","226216"
"2026-03-16T16:20:08","mixed","2048","2048","500","999","4","0","4","4","","","2.89787","5.79575","226216"
"2026-03-16T16:20:08","cuda_basic","2048","2048","500","999","4","0","0","0","basic","NVIDIA GeForce RTX 4070","0.0295456","0.0590912","226216"
"2026-03-16T16:20:09","cuda_shared","2048","2048","500","999","4","0","0","0","shared","NVIDIA GeForce RTX 4070","0.048986","0.097972","226216"
"2026-03-16T16:20:44","sequential","4096","4096","500","42","1","1","0","0","","","33.2453","66.4906","916359"
"2026-03-16T16:21:48","openmp","4096","4096","500","42","1","1","1","0","","","63.1242","126.248","916359"
"2026-03-16T16:22:44","openmp","4096","4096","500","42","1","1","2","0","","","56.1107","112.221","916359"
"2026-03-16T16:23:13","openmp","4096","4096","500","42","1","1","4","0","","","28.8248","57.6495","916359"
"2026-03-16T16:23:28","openmp","4096","4096","500","42","1","1","8","0","","","14.6314","29.2628","916359"
"2026-03-16T16:23:37","openmp","4096","4096","500","42","1","1","16","0","","","8.56969","17.1394","916359"
"2026-03-16T16:24:21","mpi","4096","4096","500","42","1","1","0","1","","","44.6325","89.265","916359"
"2026-03-16T16:25:00","mpi","4096","4096","500","42","1","1","0","2","","","38.2623","76.5247","916359"
"2026-03-16T16:25:19","mpi","4096","4096","500","42","1","1","0","4","","","19.1956","38.3912","916359"
"2026-03-16T16:25:29","mpi","4096","4096","500","42","1","1","0","8","","","9.54479","19.0896","916359"
"2026-03-16T16:25:50","mixed","4096","4096","500","42","1","1","4","2","","","20.2872","40.5744","916359"
"2026-03-16T16:26:01","mixed","4096","4096","500","42","1","1","4","4","","","11.566","23.1319","916359"
"2026-03-16T16:26:02","cuda_basic","4096","4096","500","42","1","1","0","0","basic","NVIDIA GeForce RTX 4070","0.168582","0.337165","916359"
"2026-03-16T16:26:02","cuda_shared","4096","4096","500","42","1","1","0","0","shared","NVIDIA GeForce RTX 4070","0.213095","0.42619","916359"
"2026-03-16T16:26:36","sequential","4096","4096","500","42","2","0","0","0","","","33.2889","66.5778","916359"
"2026-03-16T16:27:39","openmp","4096","4096","500","42","2","0","1","0","","","62.8212","125.642","916359"
"2026-03-16T16:28:34","openmp","4096","4096","500","42","2","0","2","0","","","54.9759","109.952","916359"
"2026-03-16T16:29:03","openmp","4096","4096","500","42","2","0","4","0","","","28.8703","57.7406","916359"
"2026-03-16T16:29:18","openmp","4096","4096","500","42","2","0","8","0","","","14.6277","29.2554","916359"
"2026-03-16T16:29:26","openmp","4096","4096","500","42","2","0","16","0","","","8.56171","17.1234","916359"
"2026-03-16T16:30:12","mpi","4096","4096","500","42","2","0","0","1","","","45.5872","91.1744","916359"
"2026-03-16T16:30:50","mpi","4096","4096","500","42","2","0","0","2","","","37.1204","74.2409","916359"
"2026-03-16T16:31:09","mpi","4096","4096","500","42","2","0","0","4","","","19.2377","38.4755","916359"
"2026-03-16T16:31:19","mpi","4096","4096","500","42","2","0","0","8","","","9.42774","18.8555","916359"
"2026-03-16T16:31:39","mixed","4096","4096","500","42","2","0","4","2","","","20.2486","40.4971","916359"
"2026-03-16T16:31:51","mixed","4096","4096","500","42","2","0","4","4","","","11.5291","23.0582","916359"
"2026-03-16T16:31:51","cuda_basic","4096","4096","500","42","2","0","0","0","basic","NVIDIA GeForce RTX 4070","0.158305","0.316609","916359"
"2026-03-16T16:31:52","cuda_shared","4096","4096","500","42","2","0","0","0","shared","NVIDIA GeForce RTX 4070","0.213443","0.426886","916359"
"2026-03-16T16:32:25","sequential","4096","4096","500","42","3","0","0","0","","","33.3001","66.6001","916359"
"2026-03-16T16:33:28","openmp","4096","4096","500","42","3","0","1","0","","","62.8203","125.641","916359"
"2026-03-16T16:34:18","openmp","4096","4096","500","42","3","0","2","0","","","49.7199","99.4398","916359"
"2026-03-16T16:34:46","openmp","4096","4096","500","42","3","0","4","0","","","28.0119","56.0237","916359"
"2026-03-16T16:35:01","openmp","4096","4096","500","42","3","0","8","0","","","14.437","28.874","916359"
"2026-03-16T16:35:10","openmp","4096","4096","500","42","3","0","16","0","","","8.57199","17.144","916359"
"2026-03-16T16:35:54","mpi","4096","4096","500","42","3","0","0","1","","","44.6859","89.3719","916359"
"2026-03-16T16:36:33","mpi","4096","4096","500","42","3","0","0","2","","","38.558","77.116","916359"
"2026-03-16T16:36:52","mpi","4096","4096","500","42","3","0","0","4","","","19.0404","38.0808","916359"
"2026-03-16T16:37:02","mpi","4096","4096","500","42","3","0","0","8","","","9.38209","18.7642","916359"
"2026-03-16T16:37:22","mixed","4096","4096","500","42","3","0","4","2","","","20.3382","40.6764","916359"
"2026-03-16T16:37:34","mixed","4096","4096","500","42","3","0","4","4","","","11.5645","23.1289","916359"
"2026-03-16T16:37:35","cuda_basic","4096","4096","500","42","3","0","0","0","basic","NVIDIA GeForce RTX 4070","0.15863","0.317261","916359"
"2026-03-16T16:37:35","cuda_shared","4096","4096","500","42","3","0","0","0","shared","NVIDIA GeForce RTX 4070","0.212177","0.424353","916359"
"2026-03-16T16:38:09","sequential","4096","4096","500","42","4","0","0","0","","","33.316","66.632","916359"
"2026-03-16T16:39:12","openmp","4096","4096","500","42","4","0","1","0","","","62.9012","125.802","916359"
"2026-03-16T16:40:08","openmp","4096","4096","500","42","4","0","2","0","","","56.1016","112.203","916359"
"2026-03-16T16:40:37","openmp","4096","4096","500","42","4","0","4","0","","","28.878","57.7559","916359"
"2026-03-16T16:40:52","openmp","4096","4096","500","42","4","0","8","0","","","14.7958","29.5916","916359"
"2026-03-16T16:41:01","openmp","4096","4096","500","42","4","0","16","0","","","8.61538","17.2308","916359"
"2026-03-16T16:41:46","mpi","4096","4096","500","42","4","0","0","1","","","44.8421","89.6842","916359"
"2026-03-16T16:42:26","mpi","4096","4096","500","42","4","0","0","2","","","40.1713","80.3426","916359"
"2026-03-16T16:42:46","mpi","4096","4096","500","42","4","0","0","4","","","19.3224","38.6448","916359"
"2026-03-16T16:42:55","mpi","4096","4096","500","42","4","0","0","8","","","9.4732","18.9464","916359"
"2026-03-16T16:43:16","mixed","4096","4096","500","42","4","0","4","2","","","20.2561","40.5121","916359"
"2026-03-16T16:43:27","mixed","4096","4096","500","42","4","0","4","4","","","11.5345","23.069","916359"
"2026-03-16T16:43:28","cuda_basic","4096","4096","500","42","4","0","0","0","basic","NVIDIA GeForce RTX 4070","0.158903","0.317806","916359"
"2026-03-16T16:43:28","cuda_shared","4096","4096","500","42","4","0","0","0","shared","NVIDIA GeForce RTX 4070","0.213431","0.426861","916359"
"2026-03-16T16:44:02","sequential","4096","4096","500","123","1","1","0","0","","","33.2985","66.597","916370"
"2026-03-16T16:45:05","openmp","4096","4096","500","123","1","1","1","0","","","62.9198","125.84","916370"
"2026-03-16T16:45:56","openmp","4096","4096","500","123","1","1","2","0","","","50.8733","101.747","916370"
"2026-03-16T16:46:25","openmp","4096","4096","500","123","1","1","4","0","","","28.9545","57.909","916370"
"2026-03-16T16:46:40","openmp","4096","4096","500","123","1","1","8","0","","","14.609","29.2179","916370"
"2026-03-16T16:46:49","openmp","4096","4096","500","123","1","1","16","0","","","8.57954","17.1591","916370"
"2026-03-16T16:47:33","mpi","4096","4096","500","123","1","1","0","1","","","44.6979","89.3959","916370"
"2026-03-16T16:48:11","mpi","4096","4096","500","123","1","1","0","2","","","37.7698","75.5397","916370"
"2026-03-16T16:48:30","mpi","4096","4096","500","123","1","1","0","4","","","18.6483","37.2965","916370"
"2026-03-16T16:48:40","mpi","4096","4096","500","123","1","1","0","8","","","9.21678","18.4336","916370"
"2026-03-16T16:49:00","mixed","4096","4096","500","123","1","1","4","2","","","19.9341","39.8681","916370"
"2026-03-16T16:49:11","mixed","4096","4096","500","123","1","1","4","4","","","11.4622","22.9243","916370"
"2026-03-16T16:49:12","cuda_basic","4096","4096","500","123","1","1","0","0","basic","NVIDIA GeForce RTX 4070","0.156547","0.313094","916370"
"2026-03-16T16:49:12","cuda_shared","4096","4096","500","123","1","1","0","0","shared","NVIDIA GeForce RTX 4070","0.211703","0.423405","916370"
"2026-03-16T16:49:46","sequential","4096","4096","500","123","2","0","0","0","","","33.3079","66.6158","916370"
"2026-03-16T16:50:49","openmp","4096","4096","500","123","2","0","1","0","","","62.8954","125.791","916370"
"2026-03-16T16:51:40","openmp","4096","4096","500","123","2","0","2","0","","","50.9625","101.925","916370"
"2026-03-16T16:52:08","openmp","4096","4096","500","123","2","0","4","0","","","27.7415","55.483","916370"
"2026-03-16T16:52:23","openmp","4096","4096","500","123","2","0","8","0","","","14.4593","28.9185","916370"
"2026-03-16T16:52:31","openmp","4096","4096","500","123","2","0","16","0","","","8.58167","17.1633","916370"
"2026-03-16T16:53:16","mpi","4096","4096","500","123","2","0","0","1","","","44.7144","89.4287","916370"
"2026-03-16T16:53:55","mpi","4096","4096","500","123","2","0","0","2","","","38.63","77.26","916370"
"2026-03-16T16:54:14","mpi","4096","4096","500","123","2","0","0","4","","","19.3086","38.6172","916370"
"2026-03-16T16:54:24","mpi","4096","4096","500","123","2","0","0","8","","","9.38626","18.7725","916370"
"2026-03-16T16:54:44","mixed","4096","4096","500","123","2","0","4","2","","","20.1017","40.2034","916370"
"2026-03-16T16:54:56","mixed","4096","4096","500","123","2","0","4","4","","","11.5798","23.1596","916370"
"2026-03-16T16:54:57","cuda_basic","4096","4096","500","123","2","0","0","0","basic","NVIDIA GeForce RTX 4070","0.158535","0.31707","916370"
"2026-03-16T16:54:57","cuda_shared","4096","4096","500","123","2","0","0","0","shared","NVIDIA GeForce RTX 4070","0.21305","0.4261","916370"
"2026-03-16T16:55:30","sequential","4096","4096","500","123","3","0","0","0","","","33.3214","66.6428","916370"
"2026-03-16T16:56:34","openmp","4096","4096","500","123","3","0","1","0","","","62.9227","125.845","916370"
"2026-03-16T16:57:19","openmp","4096","4096","500","123","3","0","2","0","","","45.6195","91.2389","916370"
"2026-03-16T16:57:48","openmp","4096","4096","500","123","3","0","4","0","","","28.5813","57.1627","916370"
"2026-03-16T16:58:03","openmp","4096","4096","500","123","3","0","8","0","","","14.7265","29.4531","916370"
"2026-03-16T16:58:12","openmp","4096","4096","500","123","3","0","16","0","","","8.60862","17.2172","916370"
"2026-03-16T16:58:57","mpi","4096","4096","500","123","3","0","0","1","","","44.6737","89.3474","916370"
"2026-03-16T16:59:32","mpi","4096","4096","500","123","3","0","0","2","","","35.0681","70.1362","916370"
"2026-03-16T16:59:51","mpi","4096","4096","500","123","3","0","0","4","","","19.2812","38.5625","916370"
"2026-03-16T17:00:01","mpi","4096","4096","500","123","3","0","0","8","","","9.50378","19.0076","916370"
"2026-03-16T17:00:21","mixed","4096","4096","500","123","3","0","4","2","","","20.1701","40.3401","916370"
"2026-03-16T17:00:33","mixed","4096","4096","500","123","3","0","4","4","","","11.5391","23.0781","916370"
"2026-03-16T17:00:34","cuda_basic","4096","4096","500","123","3","0","0","0","basic","NVIDIA GeForce RTX 4070","0.159391","0.318782","916370"
"2026-03-16T17:00:34","cuda_shared","4096","4096","500","123","3","0","0","0","shared","NVIDIA GeForce RTX 4070","0.214231","0.428463","916370"
"2026-03-16T17:01:08","sequential","4096","4096","500","123","4","0","0","0","","","33.3339","66.6678","916370"
"2026-03-16T17:02:11","openmp","4096","4096","500","123","4","0","1","0","","","63.0018","126.004","916370"
"2026-03-16T17:02:56","openmp","4096","4096","500","123","4","0","2","0","","","45.1722","90.3444","916370"
"2026-03-16T17:03:25","openmp","4096","4096","500","123","4","0","4","0","","","28.8089","57.6178","916370"
"2026-03-16T17:03:40","openmp","4096","4096","500","123","4","0","8","0","","","14.372","28.7441","916370"
"2026-03-16T17:03:48","openmp","4096","4096","500","123","4","0","16","0","","","8.56953","17.1391","916370"
"2026-03-16T17:04:33","mpi","4096","4096","500","123","4","0","0","1","","","44.847","89.694","916370"
"2026-03-16T17:05:14","mpi","4096","4096","500","123","4","0","0","2","","","40.1277","80.2553","916370"
"2026-03-16T17:05:33","mpi","4096","4096","500","123","4","0","0","4","","","19.2896","38.5793","916370"
"2026-03-16T17:05:43","mpi","4096","4096","500","123","4","0","0","8","","","9.35821","18.7164","916370"
"2026-03-16T17:06:03","mixed","4096","4096","500","123","4","0","4","2","","","20.2162","40.4325","916370"
"2026-03-16T17:06:15","mixed","4096","4096","500","123","4","0","4","4","","","11.5412","23.0825","916370"
"2026-03-16T17:06:15","cuda_basic","4096","4096","500","123","4","0","0","0","basic","NVIDIA GeForce RTX 4070","0.158697","0.317395","916370"
"2026-03-16T17:06:16","cuda_shared","4096","4096","500","123","4","0","0","0","shared","NVIDIA GeForce RTX 4070","0.212812","0.425623","916370"
"2026-03-16T17:06:49","sequential","4096","4096","500","999","1","1","0","0","","","33.2746","66.5492","909293"
"2026-03-16T17:07:52","openmp","4096","4096","500","999","1","1","1","0","","","62.86","125.72","909293"
"2026-03-16T17:08:49","openmp","4096","4096","500","999","1","1","2","0","","","56.3901","112.78","909293"
"2026-03-16T17:09:18","openmp","4096","4096","500","999","1","1","4","0","","","28.8894","57.7788","909293"
"2026-03-16T17:09:33","openmp","4096","4096","500","999","1","1","8","0","","","14.5603","29.1206","909293"
"2026-03-16T17:09:41","openmp","4096","4096","500","999","1","1","16","0","","","8.60443","17.2089","909293"
"2026-03-16T17:10:26","mpi","4096","4096","500","999","1","1","0","1","","","44.6437","89.2874","909293"
"2026-03-16T17:11:03","mpi","4096","4096","500","999","1","1","0","2","","","37.1121","74.2241","909293"
"2026-03-16T17:11:23","mpi","4096","4096","500","999","1","1","0","4","","","19.1898","38.3795","909293"
"2026-03-16T17:11:33","mpi","4096","4096","500","999","1","1","0","8","","","9.59623","19.1925","909293"
"2026-03-16T17:11:53","mixed","4096","4096","500","999","1","1","4","2","","","20.1626","40.3253","909293"
"2026-03-16T17:12:05","mixed","4096","4096","500","999","1","1","4","4","","","11.5401","23.0802","909293"
"2026-03-16T17:12:05","cuda_basic","4096","4096","500","999","1","1","0","0","basic","NVIDIA GeForce RTX 4070","0.158594","0.317188","909293"
"2026-03-16T17:12:06","cuda_shared","4096","4096","500","999","1","1","0","0","shared","NVIDIA GeForce RTX 4070","0.212988","0.425976","909293"
"2026-03-16T17:12:39","sequential","4096","4096","500","999","2","0","0","0","","","33.3355","66.6711","909293"
"2026-03-16T17:13:42","openmp","4096","4096","500","999","2","0","1","0","","","62.8853","125.771","909293"
"2026-03-16T17:14:34","openmp","4096","4096","500","999","2","0","2","0","","","51.8042","103.608","909293"
"2026-03-16T17:15:03","openmp","4096","4096","500","999","2","0","4","0","","","28.7845","57.569","909293"
"2026-03-16T17:15:18","openmp","4096","4096","500","999","2","0","8","0","","","14.5093","29.0186","909293"
"2026-03-16T17:15:26","openmp","4096","4096","500","999","2","0","16","0","","","8.6006","17.2012","909293"
"2026-03-16T17:16:11","mpi","4096","4096","500","999","2","0","0","1","","","44.6585","89.317","909293"
"2026-03-16T17:16:51","mpi","4096","4096","500","999","2","0","0","2","","","39.9483","79.8966","909293"
"2026-03-16T17:17:11","mpi","4096","4096","500","999","2","0","0","4","","","19.3044","38.6088","909293"
"2026-03-16T17:17:21","mpi","4096","4096","500","999","2","0","0","8","","","9.46637","18.9327","909293"
"2026-03-16T17:17:41","mixed","4096","4096","500","999","2","0","4","2","","","20.4251","40.8502","909293"
"2026-03-16T17:17:53","mixed","4096","4096","500","999","2","0","4","4","","","11.5116","23.0232","909293"
"2026-03-16T17:17:53","cuda_basic","4096","4096","500","999","2","0","0","0","basic","NVIDIA GeForce RTX 4070","0.158633","0.317265","909293"
"2026-03-16T17:17:54","cuda_shared","4096","4096","500","999","2","0","0","0","shared","NVIDIA GeForce RTX 4070","0.213317","0.426633","909293"
"2026-03-16T17:18:27","sequential","4096","4096","500","999","3","0","0","0","","","33.2921","66.5843","909293"
"2026-03-16T17:19:30","openmp","4096","4096","500","999","3","0","1","0","","","62.8665","125.733","909293"
"2026-03-16T17:20:23","openmp","4096","4096","500","999","3","0","2","0","","","52.3449","104.69","909293"
"2026-03-16T17:20:52","openmp","4096","4096","500","999","3","0","4","0","","","28.7126","57.4252","909293"
"2026-03-16T17:21:07","openmp","4096","4096","500","999","3","0","8","0","","","14.6528","29.3055","909293"
"2026-03-16T17:21:15","openmp","4096","4096","500","999","3","0","16","0","","","8.56236","17.1247","909293"
"2026-03-16T17:22:00","mpi","4096","4096","500","999","3","0","0","1","","","44.7426","89.4853","909293"
"2026-03-16T17:22:40","mpi","4096","4096","500","999","3","0","0","2","","","40.1116","80.2232","909293"
"2026-03-16T17:23:00","mpi","4096","4096","500","999","3","0","0","4","","","19.1717","38.3434","909293"
"2026-03-16T17:23:09","mpi","4096","4096","500","999","3","0","0","8","","","9.21808","18.4362","909293"
"2026-03-16T17:23:30","mixed","4096","4096","500","999","3","0","4","2","","","20.1586","40.3172","909293"
"2026-03-16T17:23:41","mixed","4096","4096","500","999","3","0","4","4","","","11.4621","22.9241","909293"
"2026-03-16T17:23:42","cuda_basic","4096","4096","500","999","3","0","0","0","basic","NVIDIA GeForce RTX 4070","0.156724","0.313449","909293"
"2026-03-16T17:23:42","cuda_shared","4096","4096","500","999","3","0","0","0","shared","NVIDIA GeForce RTX 4070","0.211554","0.423107","909293"
"2026-03-16T17:24:16","sequential","4096","4096","500","999","4","0","0","0","","","33.3108","66.6216","909293"
"2026-03-16T17:25:19","openmp","4096","4096","500","999","4","0","1","0","","","62.9091","125.818","909293"
"2026-03-16T17:26:11","openmp","4096","4096","500","999","4","0","2","0","","","52.5894","105.179","909293"
"2026-03-16T17:26:40","openmp","4096","4096","500","999","4","0","4","0","","","28.8342","57.6684","909293"
"2026-03-16T17:26:55","openmp","4096","4096","500","999","4","0","8","0","","","14.2778","28.5557","909293"
"2026-03-16T17:27:04","openmp","4096","4096","500","999","4","0","16","0","","","8.48516","16.9703","909293"
"2026-03-16T17:27:48","mpi","4096","4096","500","999","4","0","0","1","","","44.6656","89.3312","909293"
"2026-03-16T17:28:27","mpi","4096","4096","500","999","4","0","0","2","","","38.925","77.8501","909293"
"2026-03-16T17:28:47","mpi","4096","4096","500","999","4","0","0","4","","","19.1447","38.2894","909293"
"2026-03-16T17:28:56","mpi","4096","4096","500","999","4","0","0","8","","","9.3283","18.6566","909293"
"2026-03-16T17:29:16","mixed","4096","4096","500","999","4","0","4","2","","","20.0197","40.0393","909293"
"2026-03-16T17:29:29","mixed","4096","4096","500","999","4","0","4","4","","","12.4019","24.8037","909293"
"2026-03-16T17:29:30","cuda_basic","4096","4096","500","999","4","0","0","0","basic","NVIDIA GeForce RTX 4070","0.156805","0.313611","909293"
"2026-03-16T17:29:30","cuda_shared","4096","4096","500","999","4","0","0","0","shared","NVIDIA GeForce RTX 4070","0.212309","0.424618","909293"
